"Submission ID",Time,"Problem Id","Problem Title",Result,Language,"Student ID"
25109900,"2019-12-21 13:01:24",INVCNT,"Inversion Count","time limit exceeded",JAVA,123456
"Submission ID",Time,"Problem Id","Problem Title",Result,Language,"Student ID"
25109900,"2019-12-21 13:01:24",INVCNT,"Inversion Count","time limit exceeded",JAVA,123456
25109633,"2019-12-21 11:38:09",INVCNT,"Inversion Count","time limit exceeded",JAVA,123456
25107319,"2019-12-20 20:49:45",INTEST,"Enormous Input Test",accepted,JAVA,123456
25107285,"2019-12-20 20:35:09",INTEST,"Enormous Input Test",accepted,JAVA,123456
25107281,"2019-12-20 20:34:13",INTEST,"Enormous Input Test","compilation error",JAVA,123456
25109900,"2019-12-21 13:01:24",INVCNT,"Inversion Count","time limit exceeded",JAVA,123456
25109633,"2019-12-21 11:38:09",INVCNT,"Inversion Count","time limit exceeded",JAVA,123456
25107319,"2019-12-20 20:49:45",INTEST,"Enormous Input Test",accepted,JAVA,123456
25107285,"2019-12-20 20:35:09",INTEST,"Enormous Input Test",accepted,JAVA,123456
25107281,"2019-12-20 20:34:13",INTEST,"Enormous Input Test","compilation error",JAVA,123456
